<?xml version="1.0" encoding="UTF-8"?>
<project-private xmlns="http://www.netbeans.org/ns/project-private/1">
    <editor-bookmarks xmlns="http://www.netbeans.org/ns/editor-bookmarks/2" lastBookmarkId="0"/>
    <open-files xmlns="http://www.netbeans.org/ns/projectui-open-files/2">
        <group>
            <file>file:/C:/Users/Thenali%20manathunga/Documents/NetBeansProjects/SewwCakeShop/src/View/Selling.java</file>
            <file>file:/C:/Users/Thenali%20manathunga/Documents/NetBeansProjects/SewwCakeShop/src/View/MainMenu.java</file>
            <file>file:/C:/Users/Thenali%20manathunga/Documents/NetBeansProjects/SewwCakeShop/src/View/Register.java</file>
            <file>file:/C:/Users/Thenali%20manathunga/Documents/NetBeansProjects/SewwCakeShop/src/Model/DBConnection.java</file>
            <file>file:/C:/Users/Thenali%20manathunga/Documents/NetBeansProjects/SewwCakeShop/src/View/Login.java</file>
            <file>file:/C:/Users/Thenali%20manathunga/Documents/NetBeansProjects/SewwCakeShop/src/View/Supplying.java</file>
            <file>file:/C:/Users/Thenali%20manathunga/Documents/NetBeansProjects/SewwCakeShop/src/View/Products.java</file>
            <file>file:/C:/Users/Thenali%20manathunga/Documents/NetBeansProjects/SewwCakeShop/src/View/Home.java</file>
            <file>file:/C:/Users/Thenali%20manathunga/Documents/NetBeansProjects/SewwCakeShop/src/Model/DBSearch.java</file>
            <file>file:/C:/Users/Thenali%20manathunga/Documents/NetBeansProjects/SewwCakeShop/src/Controller/LoginController.java</file>
        </group>
    </open-files>
</project-private>
